<?xml version="1.0" encoding="UTF-8"?>
<project-private xmlns="http://www.netbeans.org/ns/project-private/1">
    <editor-bookmarks xmlns="http://www.netbeans.org/ns/editor-bookmarks/2" lastBookmarkId="0"/>
    <open-files xmlns="http://www.netbeans.org/ns/projectui-open-files/2">
        <group>
            <file>file://COMPHOME/homedir$/X00147130/Documents/NetBeansProjects/Lab6Enum/src/lab6enum/Card.java</file>
            <file>file://COMPHOME/homedir$/X00147130/Documents/NetBeansProjects/Lab6Enum/src/lab6enum/Lab6Enum.java</file>
            <file>file://COMPHOME/homedir$/X00147130/Documents/NetBeansProjects/Lab6Enum/src/lab6enum/Deck.java</file>
        </group>
    </open-files>
</project-private>
